 ,Area,Mean,StdDev,Mode,Min,Max,X,Y,XM,YM,Perim.,BX,BY,Width,Height,Major,Minor,Angle,Circ.,Feret,IntDen,Median,Skew,Kurt,%Area,RawIntDen,FeretX,FeretY,FeretAngle,MinFeret,AR,Round,Solidity
1,1242,73.041,22.616,70,30,182,375.581,26.171,375.931,26.171,180.409,354,1,43,53,54.894,28.808,64.316,0.480,56.462,90717,75,0.981,3.650,100,90717,360,53,67.068,36.292,1.906,0.525,0.813
2,867,92.594,43.119,112,30,222,107.889,32.785,107.705,33.398,174.652,81,13,51,37,43.419,25.424,16.815,0.357,51.352,80279,98,0.489,-0.121,100,80279,81,36,6.710,33.000,1.708,0.586,0.709
3,1299,83.497,39.354,75,30,222,492.969,29.533,489.779,28.468,165.924,463,14,57,34,59.266,27.907,166.272,0.593,58.523,108462,75,1.341,1.775,100,108462,464,20,160.017,31.729,2.124,0.471,0.882
4,831,60.852,15.157,67,30,92,219.501,33.163,218.905,33.111,131.539,198,16,44,34,49.943,21.185,144.652,0.604,49.092,50568,64,-0.276,-0.845,100,50568,200,19,146.634,23.870,2.357,0.424,0.867
5,520,98.863,39.423,120,30,180,28.121,33.796,28.089,33.821,87.740,16,19,24,30,32.249,20.531,118.266,0.849,33.541,51409,106,-0.255,-1.165,100,51409,21,19,116.565,21.466,1.571,0.637,0.948
6,686,75.710,27.287,70,30,160,157.101,39.569,156.045,40.074,112.468,138,24,37,27,36.234,24.105,176.111,0.682,39.395,51937,73,0.605,0.114,100,51937,139,34,156.038,27.000,1.503,0.665,0.891
7,1258,83.596,32.128,75,30,177,310.597,45.345,311.878,46.520,170.995,286,26,45,41,44.248,36.199,170.248,0.541,48.600,105164,78,0.634,0.027,100,105164,288,33,143.366,40.827,1.222,0.818,0.862
8,486,109.045,44.118,106,30,210,579.379,41.702,580.366,41.559,83.841,564,32,31,20,30.987,19.970,8.613,0.869,31.575,52996,109,0.015,-0.845,100,52996,564,45,10.954,20.000,1.552,0.644,0.954
9,645,78.571,25.661,81,30,137,645.309,48.119,644.453,47.860,116.125,624,37,40,23,40.587,20.234,173.014,0.601,40.608,50678,78,-0.007,-0.841,100,50678,624,43,170.074,23.000,2.006,0.499,0.857
10,1391,99.579,48.784,30,30,253,80.119,80.015,81.530,82.705,203.723,56,46,50,63,70.328,25.183,119.830,0.421,71.847,138515,92,0.833,0.422,100,138515,63,47,124.796,31.894,2.793,0.358,0.752
11,1345,99.065,41.112,98,30,222,478.335,85.581,478.274,85.503,199.966,457,48,37,67,66.029,25.936,78.453,0.423,67.897,133243,101,0.288,-0.360,100,133243,474,115,80.676,34.926,2.546,0.393,0.738
12,1535,86.186,35.466,64,28,185,133.623,84.439,133.691,82.574,240.149,108,52,43,66,57.985,33.706,97.679,0.334,66.611,132295,81,0.279,-0.913,100,132295,135,52,97.765,42.407,1.720,0.581,0.744
13,511,100.429,45.040,33,28,191,384.539,65.439,383.997,65.625,106.225,365,54,38,22,40.487,16.070,14.707,0.569,39.560,51319,104,0.016,-1.205,100,51319,365,69,16.144,18.006,2.519,0.397,0.845
14,751,104.081,48.977,30,30,230,27.362,77.232,26.983,77.886,136.267,8,56,38,42,48.744,19.617,50.590,0.508,47.424,78165,104,0.211,-0.923,100,78165,11,95,47.564,23.600,2.485,0.402,0.794
15,1188,90.038,33.929,87,30,191,224.881,69.356,224.194,69.500,169.581,195,56,62,27,63.501,23.820,179.485,0.519,62.968,106965,87,0.410,-0.114,100,106965,195,63,169.939,26.827,2.666,0.375,0.857
16,489,104.072,43.885,36,30,191,652.874,84.334,653.271,84.764,111.296,638,70,31,28,35.096,17.740,146.385,0.496,35.468,50891,109,-0.164,-1.174,100,50891,641,71,139.574,20.549,1.978,0.505,0.816
17,1174,80.794,33.617,30,30,180,537.725,91.844,536.945,91.419,213.563,504,73,62,35,55.628,26.871,178.568,0.323,62.968,94852,81,0.297,-0.730,100,94852,504,87,169.939,34.289,2.070,0.483,0.751
18,602,86.271,31.773,104,30,165,309.166,89.748,309.154,89.345,114.811,292,74,35,31,38.184,20.073,138.757,0.574,39.115,51935,90,-0.050,-0.841,100,51935,294,79,147.529,23.292,1.902,0.526,0.824
19,664,78.976,27.247,87,30,143,194.372,94.971,194.876,94.943,112.125,178,79,33,33,40.105,21.081,137.345,0.664,39.825,52440,81,-0.102,-0.843,100,52440,179,84,141.116,24.519,1.902,0.526,0.885
20,423,69.461,25.216,95,28,120,427.285,100.852,428.382,102.053,97.640,414,83,25,33,33.296,16.176,122.870,0.558,36.056,29382,78,-0.234,-1.389,100,29382,416,84,123.690,19.137,2.058,0.486,0.835
21,2925,86.991,35.837,70,28,233,277.348,131.835,276.014,129.222,402.517,245,92,63,78,71.826,51.851,104.868,0.227,81.939,254449,84,0.733,0.889,100,254449,269,93,113.749,62.130,1.385,0.722,0.726
22,1480,70.023,17.657,75,22,118,674.531,121.284,674.781,121.040,181.924,648,98,51,43,53.770,35.046,21.237,0.562,55.606,103634,73,-0.402,-0.360,100,103634,650,136,37.694,40.749,1.534,0.652,0.866
23,574,90.045,37.726,30,30,168,56.760,113.470,57.055,113.982,102.569,41,99,30,30,34.880,20.953,123.683,0.686,35.511,51686,92,0.039,-1.197,100,51686,41,106,147.653,24.145,1.665,0.601,0.880
24,367,70.125,18.041,81,30,101,409.642,113.653,409.655,113.655,72.669,399,102,21,23,23.135,20.198,102.592,0.873,24.187,25736,75,-0.743,-0.448,100,25736,405,102,119.745,20.616,1.145,0.873,0.936
25,406,130.773,54.191,151,30,233,607.185,112.219,608.039,112.168,74.184,595,102,24,21,24.734,20.900,161.802,0.927,26.077,53094,140,-0.311,-0.849,100,53094,596,105,147.529,21.000,1.183,0.845,0.952
26,618,126.994,76.721,255,28,255,106.783,126.500,105.590,128.594,131.095,89,108,35,35,42.676,18.438,46.842,0.452,42.012,78482,118,0.432,-1.150,100,78482,92,142,51.766,21.701,2.315,0.432,0.795
27,1473,95.794,43.765,98,30,255,502.975,134.829,502.743,134.844,211.865,471,110,58,47,53.399,35.122,43.366,0.412,62.769,141105,92,1.039,1.773,100,141105,471,144,22.479,42.647,1.520,0.658,0.768
28,669,75.106,21.258,84,30,126,797.504,134.403,797.639,134.672,120.225,781,120,35,27,37.758,22.559,167.007,0.582,37.216,50246,78,-0.390,-0.596,100,50246,782,124,149.300,24.470,1.674,0.597,0.873
29,701,75.155,28.972,70,30,160,233.999,141.051,232.934,139.923,127.640,216,121,36,40,49.346,18.088,128.308,0.541,48.166,52684,73,0.624,0.029,100,52684,219,122,131.634,20.886,2.728,0.367,0.815
30,1402,73.907,26.376,67,30,174,361.561,156.815,360.532,154.127,185.966,340,126,41,60,65.418,27.287,109.265,0.509,62.968,103617,70,1.074,1.424,100,103617,350,127,110.450,31.098,2.397,0.417,0.826
31,952,87.460,34.538,30,30,180,437.480,155.304,437.772,155.462,167.581,416,133,42,44,42.272,28.675,139.195,0.426,49.244,83262,87,0.129,-0.782,100,83262,430,134,119.168,34.391,1.474,0.678,0.778
32,441,122.803,56.840,180,30,219,125.613,145.237,125.626,145.607,83.154,111,135,29,20,29.397,19.101,12.641,0.801,30.364,54156,132,-0.223,-1.377,100,54156,111,150,17.241,19.892,1.539,0.650,0.937
33,350,72.414,20.299,75,30,112,740.157,146.311,740.128,146.455,75.497,728,137,25,20,26.303,16.943,20.176,0.772,26.926,25345,75,-0.498,-0.593,100,25345,728,153,21.801,18.025,1.552,0.644,0.901
34,1062,74.266,24.048,90,30,135,202.740,162.251,203.192,162.071,172.066,181,141,39,49,49.508,27.312,119.379,0.451,54.083,78870,78,-0.176,-0.861,100,78870,186,143,123.690,34.749,1.813,0.552,0.769
35,585,100.602,40.622,135,28,196,622.302,156.683,622.423,156.336,112.468,607,141,31,31,31.695,23.500,45.549,0.581,31.780,58852,106,-0.181,-1.004,100,58852,607,162,12.724,25.456,1.349,0.741,0.856
36,386,65.528,16.198,75,30,106,407.951,164.821,407.757,164.748,75.740,396,152,24,25,26.397,18.618,128.960,0.846,26.926,25294,70,-0.447,-0.492,100,25294,402,153,121.329,19.329,1.418,0.705,0.921
37,595,89.432,32.519,120,30,146,81.766,167.034,81.104,166.946,112.125,63,156,37,23,39.326,19.264,171.067,0.595,37.855,53212,98,-0.391,-1.212,100,53212,63,162,167.800,21.424,2.041,0.490,0.846
38,365,119.800,56.172,160,30,236,567.999,166.949,568.488,167.020,75.497,555,156,25,23,28.738,16.172,141.790,0.805,29.411,43727,132,-0.143,-1.261,100,43727,556,158,144.689,17.321,1.777,0.563,0.923
39,588,88.541,28.416,92,30,163,533.587,178.429,533.657,178.578,98.225,519,163,28,33,34.726,21.559,119.657,0.766,34.986,52062,92,-0.185,-0.323,100,52062,520,166,120.964,22.059,1.611,0.621,0.912
40,814,64.101,14.611,70,30,101,692.319,183.568,692.032,183.195,126.368,676,164,33,39,42.620,24.318,120.247,0.641,41.677,52178,67,-0.534,-0.330,100,52178,682,165,120.256,26.213,1.753,0.571,0.875
41,906,109.392,56.257,106,30,255,105.428,189.757,106.009,189.684,121.196,86,170,37,39,43.847,26.308,50.823,0.775,44.045,99109,98,0.771,-0.215,100,99109,91,207,50.528,27.899,1.667,0.600,0.922
42,2343,90.723,36.072,87,28,253,506.779,217.047,506.456,217.415,319.990,480,171,56,82,80.764,36.937,113.886,0.288,91.586,212565,90,0.568,0.854,100,212565,482,172,121.608,49.363,2.186,0.457,0.747
43,706,71.803,20.771,78,30,137,269.072,191.588,269.283,190.781,122.953,255,172,30,40,41.069,21.888,69.073,0.587,40.804,50693,73,-0.064,-0.207,100,50693,266,212,72.897,24.891,1.876,0.533,0.832
44,407,125.921,74.620,255,30,255,39.810,192.154,40.229,191.531,78.083,28,180,23,26,27.482,18.857,118.193,0.839,28.302,51250,106,0.426,-1.199,100,51250,30,181,122.005,19.230,1.457,0.686,0.926
45,544,93.119,35.536,109,30,182,444.029,202.147,443.901,202.342,101.640,430,185,26,36,39.248,17.648,116.867,0.662,39.395,50657,98,-0.019,-0.773,100,50657,435,185,113.962,19.230,2.224,0.450,0.877
46,603,83.426,25.787,98,30,151,639.246,201.158,638.740,201.284,91.841,626,187,26,29,29.996,25.596,101.395,0.898,31.385,50306,87,-0.295,-0.624,100,50306,633,187,112.479,25.572,1.172,0.853,0.948
47,801,103.699,41.473,135,30,180,134.272,211.703,134.818,211.612,118.225,121,194,30,39,39.611,25.747,73.610,0.720,39.825,83063,112,-0.312,-1.166,100,83063,125,231,61.504,29.263,1.538,0.650,0.886
48,990,79.802,25.446,81,30,163,190.086,220.562,190.303,219.309,136.267,175,197,31,45,45.379,27.778,93.751,0.670,46.573,79004,81,0.185,0.007,100,79004,182,197,104.931,30.975,1.634,0.612,0.876
49,1023,77.073,23.390,84,30,149,584.225,212.176,584.398,211.899,145.439,557,197,51,30,49.753,26.180,16.728,0.608,53.451,78846,78,-0.024,-0.211,100,78846,557,223,17.418,29.051,1.900,0.526,0.877
50,837,127.634,68.756,30,30,250,63.842,218.582,64.747,218.286,109.882,47,201,32,36,36.831,28.935,122.298,0.871,38.910,106830,118,0.106,-1.491,100,106830,55,202,115.907,29.698,1.273,0.786,0.950
51,412,92.221,30.772,118,30,146,795.066,211.362,795.030,211.283,77.598,781,202,28,19,28.693,18.283,176.065,0.860,28.636,37995,98,-0.477,-0.921,100,37995,781,207,167.905,18.385,1.569,0.637,0.938
52,789,66.086,17.106,78,30,106,720.406,227.870,720.883,227.388,117.539,702,213,39,31,40.712,24.676,22.076,0.718,40.853,52142,67,-0.318,-0.709,100,52142,702,235,21.541,26.769,1.650,0.606,0.900
53,539,95.744,39.112,106,30,188,766.860,226.185,767.171,226.175,110.953,748,216,38,20,39.711,17.282,178.621,0.550,38.639,51606,101,-0.049,-0.919,100,51606,748,231,10.437,20.000,2.298,0.435,0.817
54,464,107.362,38.359,126,30,177,253.056,229.884,253.529,229.802,81.841,239,218,27,23,28.217,20.937,21.749,0.871,28.844,49816,115,-0.545,-0.762,100,49816,240,237,33.690,21.769,1.348,0.742,0.937
55,1278,118.996,55.090,30,30,239,34.167,244.110,35.487,245.019,149.823,13,219,41,50,52.887,30.768,116.271,0.715,53.235,152077,118,0.089,-0.945,100,152077,25,220,118.009,32.868,1.719,0.582,0.920
56,680,116.597,60.324,255,30,255,658.876,241.484,659.574,241.803,115.539,641,226,35,29,33.100,26.157,13.858,0.640,35.511,79286,112,0.455,-0.528,100,79286,642,250,32.347,28.564,1.265,0.790,0.859
57,561,105.242,66.305,59,30,255,596.842,238.393,598.130,239.140,98.083,578,228,38,21,38.540,18.534,3.405,0.733,38.471,59041,75,0.943,-0.450,100,59041,578,241,8.973,20.498,2.079,0.481,0.911
58,2222,78.649,26.944,84,28,174,170.284,256.033,170.361,256.743,338.090,125,233,96,51,84.362,33.536,175.199,0.244,96.333,174757,81,0.415,0.514,100,174757,125,253,175.236,48.228,2.516,0.398,0.671
59,666,78.514,22.359,104,30,120,434.411,248.652,434.689,249.410,99.054,419,233,31,31,34.840,24.339,39.850,0.853,35.228,52290,81,-0.433,-0.803,100,52290,420,259,34.592,25.023,1.431,0.699,0.937
60,389,61.771,16.713,67,30,118,306.734,245.531,306.615,245.107,74.669,296,234,22,24,24.112,20.541,58.787,0.877,25.000,24029,61,0.188,-0.299,100,24029,299,256,53.130,21.466,1.174,0.852,0.935
61,601,84.512,31.728,106,30,163,106.121,250.888,106.614,250.757,94.811,90,237,31,29,33.222,23.034,141.319,0.840,33.302,50792,90,-0.041,-0.849,100,50792,92,242,138.652,23.612,1.442,0.693,0.925
62,653,76.591,22.619,78,30,163,814.926,258.339,815.208,258.435,121.539,797,243,35,31,36.712,22.647,147.752,0.556,36.715,50014,78,0.022,0.402,100,50014,799,250,150.642,25.222,1.621,0.617,0.843
63,1432,98.853,51.670,92,30,255,568.966,267.874,569.302,270.097,214.208,537,246,63,45,52.703,34.595,13.099,0.392,63.388,141558,90,1.067,0.851,100,141558,537,266,6.340,42.343,1.523,0.656,0.755
64,589,86.754,25.060,92,30,140,748.682,258.288,749.020,258.554,96.326,731,247,35,22,35.042,21.401,177.324,0.798,35.511,51098,92,-0.752,-0.369,100,51098,731,255,170.272,22.000,1.637,0.611,0.942
65,3761,93.796,54.971,75,14,255,74.800,304.600,74.011,310.574,320.090,42,250,67,96,86.409,55.418,89.306,0.461,97.494,352767,78,1.207,1.079,100,352767,72,250,100.042,61.383,1.559,0.641,0.810
66,1196,87.431,37.332,78,30,230,485.809,270.787,485.552,270.895,151.924,462,251,48,43,54.499,27.942,37.708,0.651,53.263,104568,81,1.238,1.460,100,104568,470,294,50.332,30.406,1.950,0.513,0.883
67,979,108.424,48.113,101,30,255,625.757,278.060,626.747,279.038,121.054,606,260,39,35,40.002,31.161,31.785,0.840,42.190,106147,101,0.679,0.055,100,106147,607,289,31.430,33.900,1.284,0.779,0.926
68,1936,97.495,39.259,87,30,236,380.759,281.732,378.504,281.198,252.007,341,261,78,46,66.517,37.058,7.401,0.383,78.638,188751,92,0.577,0.346,100,188751,341,284,7.306,45.112,1.795,0.557,0.805
69,745,103.584,42.871,112,30,216,758.597,288.339,757.926,288.536,112.953,742,275,36,31,34.918,27.166,20.883,0.734,36.878,77170,101,0.361,-0.429,100,77170,750,304,49.399,30.162,1.285,0.778,0.897
70,382,106.047,37.881,123,30,171,242.846,302.097,242.669,301.830,73.841,232,290,22,24,27.396,17.753,127.303,0.880,28.601,40510,118,-0.651,-0.749,100,40510,234,291,126.469,18.385,1.543,0.648,0.944
71,453,116.371,46.068,132,30,210,191.849,304.317,191.824,304.524,82.083,180,292,23,25,26.656,21.638,119.280,0.845,28.018,52716,126,-0.297,-0.850,100,52716,184,293,124.824,22.136,1.232,0.812,0.944
72,554,100.617,61.713,255,30,255,600.612,306.971,600.698,308.424,110.125,589,292,26,32,32.999,21.376,69.928,0.574,34.482,55742,87,1.213,0.695,100,55742,591,323,60.461,25.516,1.544,0.648,0.839
73,528,101.415,37.957,106,30,188,655.072,305.583,654.691,305.627,90.669,637,296,35,20,33.943,19.806,175.941,0.807,35.057,53547,106,-0.176,-0.689,100,53547,637,307,3.270,20.000,1.714,0.583,0.943
74,419,127.165,51.283,146,30,222,342.658,309.576,342.908,309.497,76.770,329,300,27,19,27.789,19.198,8.403,0.893,27.731,53282,140,-0.398,-0.960,100,53282,330,316,25.641,19.000,1.448,0.691,0.949
75,466,106.524,45.542,106,30,210,534.163,311.030,533.675,311.210,100.326,517,301,40,20,38.504,15.409,2.816,0.582,40.311,49640,106,0.109,-0.762,100,49640,517,316,7.125,18.775,2.499,0.400,0.861
76,508,99.781,44.168,39,30,196,724.579,316.669,724.280,316.510,109.882,709,303,31,27,34.462,18.769,27.726,0.529,34.482,50689,104,-0.006,-1.215,100,50689,709,326,29.539,21.706,1.836,0.545,0.840
77,1848,78.759,29.162,81,28,188,460.204,335.768,460.778,335.537,268.735,423,306,74,58,73.865,31.855,146.430,0.322,79.605,145547,78,0.733,0.923,100,145547,425,320,153.113,41.660,2.319,0.431,0.719
78,498,106.414,36.123,118,30,188,233.209,327.661,233.041,327.799,82.326,220,315,27,25,27.061,23.431,27.207,0.923,27.893,52994,115,-0.565,-0.478,100,52994,220,332,14.534,24.042,1.155,0.866,0.951
79,1153,66.483,23.667,33,28,149,776.730,331.284,775.983,331.214,157.681,749,316,53,35,55.728,26.343,160.682,0.583,55.154,76655,67,0.296,-0.768,100,76655,750,321,157.620,31.077,2.115,0.473,0.836
80,367,71.016,20.187,81,30,112,648.435,330.824,648.408,331.320,74.184,640,317,17,28,27.856,16.775,94.908,0.838,28.160,26063,75,-0.461,-0.735,100,26063,646,317,96.116,16.858,1.661,0.602,0.935
81,495,103.200,32.441,104,30,171,291.082,333.557,291.073,333.514,85.255,276,322,29,23,28.606,22.032,177.079,0.856,29.614,51084,109,-0.554,-0.333,100,51084,276,330,168.311,23.000,1.298,0.770,0.936
82,380,68.266,18.514,67,30,115,668.639,336.508,668.636,336.895,74.326,658,324,21,25,24.218,19.978,69.759,0.864,25.495,25941,70,-0.353,-0.575,100,25941,666,349,78.690,20.572,1.212,0.825,0.936
83,3779,93.345,49.646,30,25,255,587.134,354.972,578.823,353.233,557.169,497,325,163,66,142.493,33.767,165.783,0.153,165.061,352749,84,1.177,1.628,100,352749,497,343,170.937,50.598,4.220,0.237,0.590
84,496,54.423,9.932,56,30,84,355.986,342.433,355.770,342.274,83.255,342,331,28,23,30.073,21.000,148.850,0.899,31.385,26994,56,-0.330,0.004,100,26994,343,334,149.349,22.361,1.432,0.698,0.954
85,839,94.796,43.732,98,30,255,154.047,356.836,153.096,358.374,132.024,138,334,32,47,49.486,21.587,66.742,0.605,48.765,79534,90,1.478,3.145,100,79534,146,381,74.539,23.652,2.292,0.436,0.858
86,591,91.790,25.847,95,30,163,409.977,354.879,410.481,355.249,90.912,398,339,25,31,29.904,25.163,93.388,0.899,31.064,54248,95,-0.566,0.062,100,54248,408,370,86.309,25.000,1.188,0.841,0.948
87,501,106.174,33.726,129,30,163,746.418,361.250,746.788,361.143,86.083,732,348,28,25,29.911,21.326,35.182,0.850,31.401,53193,118,-0.812,-0.389,100,53193,733,369,37.235,22.465,1.403,0.713,0.934
88,760,105.838,45.708,59,30,210,124.737,376.489,124.609,376.211,113.983,112,354,24,42,42.471,22.784,85.133,0.735,42.579,80437,106,0.106,-1.020,100,80437,119,396,80.538,24.000,1.864,0.536,0.922
89,2071,90.967,31.341,87,30,191,262.781,385.112,263.663,383.736,284.635,221,354,78,57,67.230,39.222,33.130,0.321,81.345,188393,90,0.201,-0.099,100,188393,222,403,20.886,51.085,1.714,0.583,0.716
90,686,77.083,22.393,75,30,140,90.385,371.717,89.864,371.347,98.811,76,355,28,33,33.308,26.223,112.312,0.883,34.176,52879,78,-0.087,-0.114,100,52879,84,356,110.556,26.785,1.270,0.787,0.950
91,1477,107.575,50.767,101,28,255,544.241,376.165,544.436,375.991,201.622,516,356,58,44,61.758,30.451,155.417,0.457,62.266,158889,104,0.635,0.193,100,158889,517,363,150.141,36.277,2.028,0.493,0.811
92,1074,85.353,27.458,84,30,160,673.679,395.809,673.865,396.903,139.882,656,371,32,48,50.287,27.193,72.639,0.690,49.930,91669,84,0.074,-0.528,100,91669,659,417,57.265,29.262,1.849,0.541,0.904
93,943,111.366,61.867,30,25,255,59.938,391.913,58.464,391.530,139.196,40,375,38,38,38.963,30.816,139.996,0.612,43.566,105018,104,0.700,-0.331,100,105018,45,376,121.866,34.648,1.264,0.791,0.871
94,458,115.205,38.320,129,30,180,441.635,400.939,441.952,400.824,80.326,429,388,25,26,28.409,20.527,48.920,0.892,28.601,52764,126,-0.811,-0.370,100,52764,430,410,36.469,21.213,1.384,0.723,0.941
95,424,125.031,45.927,146,30,216,474.267,404.623,474.198,404.409,76.669,462,393,25,23,25.186,21.435,33.705,0.906,26.077,53013,137,-0.577,-0.705,100,53013,467,416,57.529,21.913,1.175,0.851,0.942
96,1570,84.459,31.134,75,30,202,102.915,420.343,104.497,421.685,228.007,74,396,61,49,66.445,30.085,143.681,0.380,68.964,132601,84,0.857,1.558,100,132601,74,404,150.461,36.938,2.209,0.453,0.799
97,715,76.004,17.993,73,30,118,359.662,418.224,359.385,418.753,100.569,345,402,29,33,31.641,28.772,98.775,0.888,33.377,54343,78,-0.478,0.011,100,54343,357,402,98.616,29.000,1.100,0.909,0.948
98,771,64.409,16.481,67,30,101,226.347,427.034,226.328,426.383,136.024,208,409,37,37,42.735,22.971,138.457,0.524,42.802,49659,67,-0.233,-0.666,100,49659,211,411,127.405,26.575,1.860,0.538,0.832
99,959,80.608,22.659,81,30,149,278.084,436.344,277.586,435.808,133.782,258,417,42,39,49.092,24.872,139.021,0.673,48.010,77303,81,-0.055,-0.007,100,77303,259,422,144.324,26.163,1.974,0.507,0.902
100,704,69.757,25.840,61,25,143,566.643,431.673,568.065,431.653,137.338,546,418,43,26,44.408,20.185,168.792,0.469,44.385,49109,67,0.584,-0.219,100,49109,547,423,157.479,24.660,2.200,0.455,0.807
101,356,69.612,18.477,61,30,120,671.657,439.365,671.959,438.710,71.012,661,428,21,23,23.952,18.924,55.209,0.887,25.000,24782,67,0.001,-0.011,100,24782,662,447,36.870,19.606,1.266,0.790,0.934
102,394,63.094,14.363,64,30,95,752.680,446.706,752.637,446.713,78.426,742,433,21,27,30.320,16.545,116.698,0.805,30.232,24859,64,-0.324,-0.458,100,24859,744,434,124.216,17.070,1.833,0.546,0.926
103,649,80.502,31.850,87,25,154,395.563,461.867,394.850,460.886,126.953,381,443,31,36,39.926,20.697,121.142,0.506,39.661,52246,78,0.201,-0.912,100,52246,384,445,123.690,23.426,1.929,0.518,0.835
104,859,87.134,28.753,87,30,177,648.552,462.296,648.548,461.850,129.782,630,443,37,34,34.719,31.502,173.698,0.641,38.079,74848,87,0.118,0.064,100,74848,631,459,156.801,34.000,1.102,0.907,0.890
105,436,114.140,56.790,112,30,255,84.787,461.271,85.763,460.273,85.154,74,448,23,28,29.376,18.897,60.780,0.756,30.414,49765,112,0.620,-0.165,100,49765,78,475,62.592,21.019,1.555,0.643,0.896
106,426,124.728,56.421,120,30,247,552.221,460.101,551.770,460.084,78.669,541,448,22,25,25.560,21.221,81.870,0.865,26.249,53134,126,-0.022,-1.018,100,53134,549,473,72.255,22.000,1.204,0.830,0.938
107,387,64.233,13.858,70,30,92,579.578,463.590,579.613,463.918,71.841,567,453,24,21,24.947,19.751,27.929,0.942,25.632,24858,67,-0.693,-0.106,100,24858,567,467,20.556,20.400,1.263,0.792,0.954
108,1000,85.541,35.009,90,28,171,299.787,500.796,300.428,501.281,172.794,282,473,33,58,52.731,24.146,87.937,0.421,58.310,85541,84,0.308,-0.630,100,85541,301,531,84.094,32.240,2.184,0.458,0.715
109,494,51.130,9.890,47,30,75,211.642,492.460,211.569,492.729,94.225,199,477,27,33,38.086,16.515,56.412,0.699,37.443,25258,50,-0.115,-0.409,100,25258,201,509,55.886,18.135,2.306,0.434,0.903
110,2182,135.952,62.390,255,30,255,507.299,533.581,506.599,533.223,316.919,469,479,70,93,96.003,28.939,55.435,0.273,108.812,296647,135,0.073,-0.900,100,296647,472,569,53.973,42.730,3.317,0.301,0.666
111,1105,94.535,31.459,92,28,191,80.647,513.565,81.115,512.991,162.752,58,490,45,47,55.113,25.528,46.830,0.524,54.406,104461,98,-0.150,-0.342,100,104461,58,529,36.027,29.833,2.159,0.463,0.834
112,462,110.084,39.733,120,30,202,673.768,508.621,673.791,508.858,89.740,664,493,19,31,32.729,17.973,90.552,0.721,32.280,50859,118,-0.335,-0.597,100,50859,669,493,106.189,19.000,1.821,0.549,0.900
113,588,87.218,22.496,92,30,146,643.906,514.454,644.359,514.633,91.841,628,503,32,23,32.563,22.991,179.516,0.876,32.388,51284,90,-0.537,0.181,100,51284,628,512,171.119,22.856,1.416,0.706,0.948
114,830,132.420,59.254,255,30,255,335.347,539.935,335.789,539.536,118.953,314,521,39,33,36.800,28.717,17.054,0.737,39.623,109909,132,0.350,-0.390,100,109909,314,539,169.824,32.194,1.281,0.780,0.894
115,605,80.825,23.345,84,30,146,18.968,540.171,18.729,540.330,103.983,2,524,32,31,39.409,19.547,46.849,0.703,39.623,48899,84,-0.222,-0.450,100,48899,3,553,42.955,20.870,2.016,0.496,0.895
116,482,52.054,9.320,47,30,75,781.344,541.726,781.005,542.205,82.669,769,529,25,26,28.901,21.235,49.267,0.886,30.017,25090,53,-0.083,-0.470,100,25090,775,555,60.018,21.920,1.361,0.735,0.947
117,422,122.111,49.610,137,30,225,445.254,543.886,445.036,544.248,84.326,431,530,27,26,30.227,17.776,43.789,0.746,30.017,51531,135,-0.407,-0.885,100,51531,436,556,60.018,19.731,1.701,0.588,0.882
118,458,113.022,61.310,255,30,255,110.469,553.168,112.613,553.607,101.397,96,540,33,22,34.787,16.763,162.856,0.560,35.847,51764,109,0.754,-0.146,100,51764,98,541,149.859,20.473,2.075,0.482,0.843
119,746,138.004,65.864,255,30,255,372.547,563.639,372.266,564.044,122.711,359,542,30,40,40.641,23.371,117.825,0.623,43.463,102951,137,0.213,-0.733,100,102951,365,542,113.025,27.000,1.739,0.575,0.860
120,822,92.712,35.071,84,30,174,176.375,558.956,175.827,558.471,154.995,149,543,60,28,59.460,17.602,163.528,0.430,62.642,76209,90,0.146,-0.733,100,76209,149,547,163.301,23.276,3.378,0.296,0.780
121,451,55.676,12.612,67,30,81,775.061,570.624,775.619,570.534,81.255,764,558,22,27,27.108,21.183,96.895,0.858,27.893,25110,56,-0.250,-0.889,100,25110,770,558,104.534,22.000,1.280,0.781,0.941
122,569,87.956,25.101,95,30,137,661.456,578.294,661.373,578.307,116.953,650,559,23,38,39.011,18.571,84.535,0.523,38.471,50047,95,-0.686,-0.387,100,50047,655,597,81.027,21.638,2.101,0.476,0.808
123,1250,146.135,72.172,255,30,255,301.246,582.681,303.877,581.958,169.823,271,560,54,38,51.257,31.051,19.867,0.545,54.745,182669,140,0.120,-1.146,100,182669,271,591,9.462,38.000,1.651,0.606,0.825
124,1051,98.226,33.702,101,30,188,77.544,588.470,76.965,588.073,166.409,55,564,47,47,60.543,22.103,138.017,0.477,58.898,103235,101,-0.211,-0.374,100,103235,59,564,130.179,24.749,2.739,0.365,0.864
125,956,108.633,48.994,104,30,255,129.922,595.018,129.583,593.290,183.480,115,566,29,55,50.552,24.079,95.922,0.357,55.579,103853,106,0.571,0.273,100,103853,130,566,98.276,29.000,2.099,0.476,0.785
126,5032,123.132,71.800,255,25,255,484.037,627.244,483.889,627.647,725.134,429,566,109,127,104.429,61.352,58.402,0.120,155.795,619599,112,0.437,-1.040,100,619599,433,685,48.122,90.960,1.702,0.587,0.549
127,470,112.802,51.794,123,30,255,442.970,581.309,444.163,580.805,92.225,428,569,30,24,32.617,18.347,28.242,0.694,33.106,53017,118,0.332,-0.365,100,53017,428,588,25.017,19.912,1.778,0.563,0.893
128,641,112.086,51.432,135,30,255,246.196,589.269,245.388,588.591,104.569,231,574,30,31,36.385,22.431,125.973,0.737,37.643,71847,112,0.477,-0.107,100,71847,231,579,140.389,23.702,1.622,0.616,0.907
129,875,102.123,45.955,30,30,255,190.574,602.885,189.617,604.147,155.581,169,581,46,44,55.072,20.230,45.503,0.454,55.000,89358,104,0.600,0.302,100,89358,170,623,36.870,24.814,2.722,0.367,0.760
130,1885,155.339,74.858,255,30,255,351.566,621.418,353.618,618.950,221.279,320,592,62,59,72.537,33.087,46.183,0.484,74.411,292814,143,-0.008,-1.310,100,292814,321,647,41.186,39.770,2.192,0.456,0.820
131,421,59.221,11.400,59,30,87,23.892,618.811,24.069,618.987,75.841,13,606,22,25,27.269,19.657,57.858,0.920,28.302,24932,61,-0.517,0.001,100,24932,16,631,57.995,20.506,1.387,0.721,0.955
132,549,138.466,70.622,255,30,255,401.389,626.105,402.197,626.086,100.468,384,613,33,28,36.864,18.962,150.991,0.683,36.715,76018,143,0.151,-0.992,100,76018,384,617,150.642,21.079,1.944,0.514,0.878
133,436,118.819,54.294,42,30,253,46.225,632.294,46.000,631.454,98.569,34,615,24,32,33.401,16.620,115.895,0.564,33.838,51805,123,0.187,-0.648,100,51805,42,615,108.970,18.783,2.010,0.498,0.817
134,468,111.722,39.064,129,30,196,202.974,631.355,203.212,631.133,88.912,191,617,23,28,30.720,19.397,71.574,0.744,31.623,52286,120,-0.539,-0.683,100,52286,195,644,55.305,21.101,1.584,0.631,0.897
135,550,93.376,34.449,106,30,185,126.551,645.878,126.050,645.825,95.983,115,630,23,32,33.301,21.029,83.303,0.750,32.757,51357,92,0.101,-0.654,100,51357,124,662,77.661,21.830,1.584,0.631,0.898
136,526,94.734,32.498,104,30,180,21.380,645.935,21.294,645.695,98.468,3,633,35,27,38.108,17.574,149.322,0.682,38.484,49830,101,-0.251,-0.550,100,49830,3,641,155.433,19.859,2.168,0.461,0.884
137,1358,144.204,65.228,255,30,255,272.094,666.797,271.667,666.294,180.066,255,635,34,62,60.605,28.530,100.714,0.526,62.650,195829,149,-0.100,-1.057,100,195829,268,635,98.259,32.576,2.124,0.471,0.834
138,771,103.613,35.737,106,30,196,62.106,662.242,62.734,661.737,114.125,44,642,35,37,41.489,23.661,49.034,0.744,42.202,79886,104,0.061,-0.053,100,79886,47,678,53.673,25.550,1.754,0.570,0.906
139,719,113.017,59.318,92,30,255,416.340,669.042,417.132,665.780,137.095,405,643,21,49,51.534,17.764,83.763,0.481,50.448,81259,95,0.699,-0.379,100,81259,408,692,76.239,21.000,2.901,0.345,0.817
140,890,118.385,44.400,118,30,213,579.167,661.442,578.571,661.684,138.024,555,644,48,37,55.672,20.355,33.528,0.587,53.535,105363,120,-0.226,-0.656,100,105363,557,677,32.800,22.652,2.735,0.366,0.859
141,450,109.376,47.234,39,30,233,810.144,657.384,810.101,657.110,110.468,796,644,30,27,32.977,17.375,32.008,0.463,32.757,49219,109,0.055,-0.972,100,49219,797,668,31.264,19.828,1.898,0.527,0.813
142,457,113.411,46.756,129,30,233,221.367,670.776,221.801,670.106,81.983,208,658,27,26,29.192,19.933,41.052,0.854,29.682,51829,118,-0.032,-0.682,100,51829,210,680,32.619,20.506,1.465,0.683,0.919
143,578,151.794,76.701,255,25,255,302.218,675.680,302.727,676.290,104.569,291,659,24,33,33.746,21.808,104.121,0.664,37.121,87737,160,-0.185,-1.305,100,87737,291,659,117.255,24.000,1.547,0.646,0.874
144,361,95.327,29.874,123,30,146,614.561,669.899,614.374,670.237,71.012,603,660,24,19,23.974,19.172,171.462,0.900,24.739,34413,98,-0.452,-0.738,100,34413,603,666,165.964,19.000,1.250,0.800,0.946
145,422,116.384,49.169,135,30,230,674.232,675.498,674.950,675.732,92.811,662,661,28,28,27.476,19.555,147.396,0.616,29.732,49114,120,-0.053,-0.873,100,49114,665,661,109.654,24.020,1.405,0.712,0.795
146,2268,140.488,73.880,255,25,255,361.437,695.115,361.741,694.330,273.220,318,662,80,57,81.747,35.325,22.018,0.382,91.066,318626,135,0.191,-1.254,100,318626,318,712,31.072,43.163,2.314,0.432,0.758
147,450,118.267,51.971,30,30,227,107.204,685.676,108.069,685.731,105.882,90,675,37,20,38.480,14.890,166.627,0.504,37.656,53220,129,-0.179,-0.963,100,53220,90,682,169.287,18.481,2.584,0.387,0.804
148,739,106.391,51.090,115,30,255,548.993,695.309,550.041,694.304,132.024,528,682,41,26,42.344,22.221,7.855,0.533,43.012,78623,104,0.859,0.642,100,78623,528,702,17.592,25.179,1.906,0.525,0.856
149,358,72.042,21.729,59,30,143,179.439,705.439,178.825,705.513,71.255,168,695,24,20,24.367,18.706,156.766,0.886,25.298,25791,70,0.495,0.500,100,25791,168,701,161.565,19.677,1.303,0.768,0.938
150,592,89.243,26.979,90,30,160,219.242,713.628,218.593,713.570,89.255,206,700,27,27,27.836,27.079,39.668,0.934,29.206,52832,90,-0.109,-0.263,100,52832,208,723,38.047,27.000,1.028,0.973,0.959
151,787,42.942,5.513,45,30,59,795.715,713.064,796.018,713.138,111.054,776,700,40,26,39.034,25.671,176.799,0.802,40.447,33795,42,-0.125,-0.223,100,33795,776,710,171.469,26.000,1.521,0.658,0.949
152,665,124.388,62.452,53,30,255,299.085,717.826,298.870,716.524,112.468,282,703,32,34,35.399,23.919,134.239,0.661,38.079,82718,118,0.280,-1.063,100,82718,286,704,119.932,26.163,1.480,0.676,0.864
153,2354,95.947,43.791,84,11,244,73.726,740.687,72.090,742.355,330.818,23,705,84,64,71.251,42.066,18.643,0.270,92.282,225859,92,0.480,0.111,100,225859,26,754,29.899,60.041,1.694,0.590,0.651
154,1992,116.765,60.045,95,30,255,406.048,733.275,404.402,731.336,225.037,380,705,54,61,66.050,38.400,131.802,0.494,71.400,232595,101,0.826,-0.289,100,232595,387,706,127.030,49.358,1.720,0.581,0.805
155,359,69.680,15.941,78,30,95,132.645,730.046,132.613,730.063,71.255,121,720,23,21,22.406,20.401,13.930,0.889,23.345,25015,75,-0.855,-0.017,100,25015,121,727,170.134,21.000,1.098,0.911,0.931
156,1436,107.809,46.814,101,30,241,233.294,756.663,233.124,756.749,227.279,207,732,55,53,53.978,33.872,154.256,0.349,59.682,154814,106,0.394,-0.324,100,154814,215,733,121.293,44.272,1.594,0.628,0.712
157,707,112.274,61.253,255,30,255,314.880,752.760,314.614,751.468,108.912,301,734,26,37,39.511,22.783,74.280,0.749,40.719,79378,104,0.703,-0.387,100,79378,304,771,65.323,23.846,1.734,0.577,0.916
158,540,98.333,48.627,64,30,196,155.370,750.698,155.288,750.448,95.154,141,738,29,26,31.256,21.997,41.623,0.749,35.000,53100,87,0.265,-1.412,100,53100,141,762,36.870,24.042,1.421,0.704,0.915
159,377,67.573,16.538,75,30,104,462.577,754.548,462.289,754.629,75.598,453,742,20,26,28.299,16.962,62.610,0.829,28.844,25475,70,-0.524,-0.449,100,25475,454,766,56.310,17.775,1.668,0.599,0.938
160,551,104.639,44.912,73,30,199,495.810,762.946,496.575,761.131,108.468,482,744,26,36,34.745,20.192,79.131,0.589,36.497,57656,95,0.123,-1.209,100,57656,492,780,80.538,24.653,1.721,0.581,0.834
161,723,130.523,68.058,255,28,255,270.197,784.482,270.941,785.293,134.024,254,765,31,40,38.605,23.846,117.084,0.506,42.059,94368,126,0.274,-1.016,100,94368,261,765,108.004,26.666,1.619,0.618,0.842
162,443,116.115,47.304,123,30,255,444.477,777.927,444.917,777.991,82.083,431,768,28,21,28.210,19.995,179.180,0.826,28.862,51439,115,0.361,-0.039,100,51439,431,773,165.964,20.938,1.411,0.709,0.929
163,1898,88.435,38.653,81,28,230,336.025,793.318,333.883,793.030,273.907,295,771,87,41,77.424,31.213,174.630,0.318,88.843,167849,84,0.751,0.392,100,167849,295,786,168.311,41.000,2.481,0.403,0.721
164,930,84.696,27.199,84,30,165,131.160,795.628,132.460,795.988,150.853,111,778,45,32,44.782,26.442,161.469,0.514,47.011,78767,84,0.326,0.189,100,78767,113,786,156.161,31.285,1.694,0.590,0.836
165,430,57.863,14.443,61,30,95,82.451,809.344,82.280,809.736,78.083,70,798,25,23,27.356,20.013,144.936,0.886,28.302,24881,59,0.012,-0.468,100,24881,71,801,147.995,20.800,1.367,0.732,0.944
166,669,76.227,23.499,78,30,143,156.206,820.733,155.358,821.153,134.368,137,803,36,33,40.387,21.091,30.208,0.466,42.012,50996,78,0.079,-0.096,100,50996,138,833,38.234,26.175,1.915,0.522,0.789
167,762,149.543,72.479,255,30,255,200.772,851.287,200.882,851.033,127.539,184,832,33,36,36.759,26.393,119.338,0.589,39.000,113952,157,-0.182,-1.340,100,113952,196,832,112.620,29.733,1.393,0.718,0.879
168,619,82.889,23.735,98,30,135,88.393,851.468,88.180,850.963,93.740,74,837,28,30,31.964,24.657,125.999,0.885,32.802,51308,87,-0.340,-0.651,100,51308,78,839,127.569,25.456,1.296,0.771,0.951
169,432,54.438,11.576,61,30,78,775.968,853.139,776.065,852.814,85.154,762,840,28,26,32.406,16.973,140.279,0.749,34.205,23517,56,-0.327,-0.802,100,23517,763,844,142.125,18.385,1.909,0.524,0.917
